{"v":"5.6.6","ip":0,"op":149,"fr":60,"w":480,"h":480,"layers":[{"ind":3726,"nm":"surface17707","ao":0,"ip":0,"op":720,"st":0,"ty":4,"ks":{"o":{"a":1,"k":[{"i":{"x":[0.67],"y":[1]},"o":{"x":[0.33],"y":[0]},"t":12,"s":[0]},{"t":29,"s":[100]}],"ix":11},"r":{"a":0,"k":0,"ix":10},"p":{"a":1,"k":[{"i":{"x":0.67,"y":1},"o":{"x":0.33,"y":0},"t":0,"s":[-187,300.35],"to":[74,0,0],"ti":[-74,0,0]},{"t":29,"s":[301.46,300.35]}],"ix":2},"a":{"a":0,"k":[240,240],"ix":1},"s":{"a":1,"k":[{"i":{"x":[0.67,0.67,0.67],"y":[1,1,1]},"o":{"x":[0.33,0.33,0.33],"y":[0,0,0]},"t":29,"s":[79,79,100]},{"t":51,"s":[106,106,100]}],"ix":6}},"shapes":[{"ty":"gr","hd":false,"nm":"surface17707","it":[{"ty":"gr","hd":false,"it":[{"ty":"gr","hd":false,"it":[{"ty":"sh","ks":{"k":{"i":[[0,0],[8.97,5.47],[0,0],[24.59,4.14],[0.47,-3.28],[-3.14,-0.6],[-11.89,-13.5],[5.27,-8.68],[-11.57,-6.46],[-6.46,11.57],[-0.09,5.37],[5.58,-9.77],[-2.85,-1.69],[-1.69,2.85],[-0.05,0.09],[3.07,10.71]],"o":[[-2.86,-10.11],[0,0],[-13.86,-20.73],[-3.28,-0.47],[-0.45,3.17],[17.73,3.01],[-9.99,1.8],[-6.46,11.57],[11.57,6.46],[2.47,-4.77],[6.38,9.27],[-1.69,2.85],[2.85,1.69],[0.05,-0.09],[5.45,-9.72],[0,0]],"v":[[355.17,325],[336.78,300.75],[334.3,297.04],[274.06,258.09],[267.27,263.18],[272.08,269.92],[317.86,295.44],[293.86,311.92],[303.12,344.58],[335.77,335.32],[339.67,319.92],[340.98,351.08],[343.08,359.3],[351.3,357.2],[351.46,356.93],[355.17,325]],"c":true}}},{"ty":"sh","ks":{"k":{"i":[[0,0],[5.8,3.2],[-3.2,5.8],[-0.02,0.03],[-6.73,0.89],[-0.93,-0.48],[3.62,-6.49]],"o":[[-3.2,5.8],[-5.8,-3.2],[0.02,-0.03],[3.54,-5.8],[1.04,-0.03],[5.06,2.83],[0,0]],"v":[[325.31,329.46],[309.01,334.17],[304.3,317.87],[304.36,317.77],[320.6,307.2],[323.6,307.89],[325.31,329.46]],"c":true}}},{"ty":"fl","o":{"k":100},"c":{"k":[0.17,0.7,0.81,1]}},{"ty":"tr","o":{"k":100},"r":{"k":0},"p":{"k":[0,0]},"a":{"k":[0,0]},"s":{"k":[100,100]},"sk":{"k":0},"sa":{"k":0},"hd":false}]},{"ty":"tr","o":{"k":100},"r":{"k":0},"p":{"k":[0,0]},"a":{"k":[0,0]},"s":{"k":[100,100]},"sk":{"k":0},"sa":{"k":0},"hd":false}]},{"ty":"gr","hd":false,"it":[{"ty":"sh","ks":{"k":{"i":[[0,0],[0,0],[0,0],[0,0],[0,0],[0,0],[0,0],[0,0],[0,0],[0,0]],"o":[[0,0],[0,0],[0,0],[0,0],[0,0],[0,0],[0,0],[0,0],[0,0],[0,0]],"v":[[33.07,6],[42.34,24.79],[63.07,27.8],[48.07,42.42],[51.61,63.06],[33.07,53.31],[14.53,63.06],[18.07,42.42],[3.07,27.8],[23.8,24.79]],"c":true}}},{"ty":"fl","o":{"k":100},"c":{"k":[1,0.86,0.26,1]}},{"ty":"tr","o":{"k":100},"r":{"k":0},"p":{"k":[0,0]},"a":{"k":[0,0]},"s":{"k":[100,100]},"sk":{"k":0},"sa":{"k":0},"hd":false}]},{"ty":"gr","hd":false,"it":[{"ty":"sh","ks":{"k":{"i":[[0,0],[1.12,1.12],[0,0],[-2.39,2.3],[-2.32,-2.25],[0,0],[2.34,-2.34],[1.59,0]],"o":[[-1.59,0],[0,0],[-2.3,-2.38],[2.32,-2.25],[0,0],[2.34,2.34],[-1.13,1.12],[0,0]],"v":[[304.1,109.03],[299.86,107.27],[295.61,103.03],[295.76,94.55],[304.1,94.55],[308.34,98.79],[308.34,107.27],[304.1,109.03]],"c":true}}},{"ty":"fl","o":{"k":100},"c":{"k":[1,0.86,0.26,1]}},{"ty":"tr","o":{"k":100},"r":{"k":0},"p":{"k":[0,0]},"a":{"k":[0,0]},"s":{"k":[100,100]},"sk":{"k":0},"sa":{"k":0},"hd":false}]},{"ty":"gr","hd":false,"it":[{"ty":"sh","ks":{"k":{"i":[[0,0],[0,3.31],[0,0],[-3.31,0],[0,-3.31],[0,0],[3.31,0]],"o":[[-3.31,0],[0,0],[0,-3.31],[3.31,0],[0,0],[0,3.31],[0,0]],"v":[[321.07,102],[315.07,96],[315.07,90],[321.07,84],[327.07,90],[327.07,96],[321.07,102]],"c":true}}},{"ty":"fl","o":{"k":100},"c":{"k":[1,0.86,0.26,1]}},{"ty":"tr","o":{"k":100},"r":{"k":0},"p":{"k":[0,0]},"a":{"k":[0,0]},"s":{"k":[100,100]},"sk":{"k":0},"sa":{"k":0},"hd":false}]},{"ty":"gr","hd":false,"it":[{"ty":"sh","ks":{"k":{"i":[[0,0],[0,3.31],[-1.12,1.12],[0,0],[-2.3,-2.39],[2.25,-2.32],[0,0],[1.59,0]],"o":[[-3.31,0],[0,-1.59],[0,0],[2.38,-2.3],[2.25,2.32],[0,0],[-1.12,1.12],[0,0]],"v":[[338.04,109.03],[332.04,103.03],[333.8,98.79],[338.04,94.55],[346.53,94.7],[346.53,103.03],[342.29,107.27],[338.04,109.03]],"c":true}}},{"ty":"fl","o":{"k":100},"c":{"k":[1,0.86,0.26,1]}},{"ty":"tr","o":{"k":100},"r":{"k":0},"p":{"k":[0,0]},"a":{"k":[0,0]},"s":{"k":[100,100]},"sk":{"k":0},"sa":{"k":0},"hd":false}]},{"ty":"gr","hd":false,"it":[{"ty":"sh","ks":{"k":{"i":[[0,0],[0,0],[0,3.31],[-3.31,0],[0,0],[0,-3.31],[3.31,0]],"o":[[0,0],[-3.31,0],[0,-3.31],[0,0],[3.31,0],[0,3.31],[0,0]],"v":[[351.07,126],[345.07,126],[339.07,120],[345.07,114],[351.07,114],[357.07,120],[351.07,126]],"c":true}}},{"ty":"fl","o":{"k":100},"c":{"k":[1,0.86,0.26,1]}},{"ty":"tr","o":{"k":100},"r":{"k":0},"p":{"k":[0,0]},"a":{"k":[0,0]},"s":{"k":[100,100]},"sk":{"k":0},"sa":{"k":0},"hd":false}]},{"ty":"gr","hd":false,"it":[{"ty":"sh","ks":{"k":{"i":[[0,0],[1.12,1.13],[0,0],[-2.39,2.3],[-2.32,-2.25],[0,0],[2.34,-2.34],[1.59,0]],"o":[[-1.59,0],[0,0],[-2.3,-2.38],[2.32,-2.25],[0,0],[2.34,2.34],[-1.12,1.12],[0,0]],"v":[[342.29,147.21],[338.04,145.45],[333.8,141.21],[333.95,132.73],[342.29,132.73],[346.53,136.97],[346.53,145.45],[342.29,147.21]],"c":true}}},{"ty":"fl","o":{"k":100},"c":{"k":[1,0.86,0.26,1]}},{"ty":"tr","o":{"k":100},"r":{"k":0},"p":{"k":[0,0]},"a":{"k":[0,0]},"s":{"k":[100,100]},"sk":{"k":0},"sa":{"k":0},"hd":false}]},{"ty":"gr","hd":false,"it":[{"ty":"sh","ks":{"k":{"i":[[0,0],[0,3.31],[0,0],[-3.31,0],[0,-3.31],[0,0],[3.31,0]],"o":[[-3.31,0],[0,0],[0,-3.31],[3.31,0],[0,0],[0,3.31],[0,0]],"v":[[321.07,156],[315.07,150],[315.07,144],[321.07,138],[327.07,144],[327.07,150],[321.07,156]],"c":true}}},{"ty":"fl","o":{"k":100},"c":{"k":[1,0.86,0.26,1]}},{"ty":"tr","o":{"k":100},"r":{"k":0},"p":{"k":[0,0]},"a":{"k":[0,0]},"s":{"k":[100,100]},"sk":{"k":0},"sa":{"k":0},"hd":false}]},{"ty":"gr","hd":false,"it":[{"ty":"sh","ks":{"k":{"i":[[0,0],[0,3.31],[-1.26,1.14],[0,0],[-2.17,-2.5],[2.35,-2.2],[0,0],[1.48,0]],"o":[[-3.31,0],[0,-1.7],[0,0],[2.5,-2.17],[2.11,2.44],[0,0],[-1.1,0.99],[0,0]],"v":[[147.07,180],[141.07,174],[143.05,169.54],[203.05,115.54],[211.52,116.15],[211.09,124.46],[151.09,178.46],[147.07,180]],"c":true}}},{"ty":"fl","o":{"k":100},"c":{"k":[1,0.75,0.25,1]}},{"ty":"tr","o":{"k":100},"r":{"k":0},"p":{"k":[0,0]},"a":{"k":[0,0]},"s":{"k":[100,100]},"sk":{"k":0},"sa":{"k":0},"hd":false}]},{"ty":"gr","hd":false,"it":[{"ty":"sh","ks":{"k":{"i":[[0,0],[0,0],[0,0],[0,0]],"o":[[0,0],[0,0],[0,0],[0,0]],"v":[[255.07,71.88],[255.07,102],[224.95,102],[224.95,71.88]],"c":true}}},{"ty":"fl","o":{"k":100},"c":{"k":[0.79,0.85,0.33,1]}},{"ty":"tr","o":{"k":100},"r":{"k":0},"p":{"k":[0,0]},"a":{"k":[0,0]},"s":{"k":[100,100]},"sk":{"k":0},"sa":{"k":0},"hd":false}]},{"ty":"gr","hd":false,"it":[{"ty":"sh","ks":{"k":{"i":[[0,0],[0.48,0.16],[5.52,2.78],[0,0],[-3.42,-3.55]],"o":[[-0.48,-0.15],[-5.77,-2.19],[0,0],[3.01,3.91],[0,0]],"v":[[160.53,294.42],[159.07,294],[142.12,286.54],[62.72,316.59],[72.38,327.78]],"c":true}}},{"ty":"fl","o":{"k":100},"c":{"k":[0.96,0.96,0.91,1]}},{"ty":"tr","o":{"k":100},"r":{"k":0},"p":{"k":[0,0]},"a":{"k":[0,0]},"s":{"k":[100,100]},"sk":{"k":0},"sa":{"k":0},"hd":false}]},{"ty":"gr","hd":false,"it":[{"ty":"sh","ks":{"k":{"i":[[0,0],[0.55,2.64],[0,0],[0,0],[-21.88,-22.39],[0,0],[0.48,0.16],[14.51,55.21]],"o":[[-0.67,-2.57],[0,0],[0,0],[2.62,31.2],[0,0],[-0.48,-0.15],[-53.46,-20.04],[0,0]],"v":[[50.7,174],[48.87,166.2],[33.27,230.21],[34.47,244.84],[72.37,327.74],[160.53,294.42],[159.07,294],[50.7,174]],"c":true}}},{"ty":"fl","o":{"k":100},"c":{"k":[1,1,1,1]}},{"ty":"tr","o":{"k":100},"r":{"k":0},"p":{"k":[0,0]},"a":{"k":[0,0]},"s":{"k":[100,100]},"sk":{"k":0},"sa":{"k":0},"hd":false}]},{"ty":"gr","hd":false,"it":[{"ty":"sh","ks":{"k":{"i":[[0,0],[0,0],[0,3.31],[-3.31,0],[0,0],[0,-3.31],[3.31,0]],"o":[[0,0],[-3.31,0],[0,-3.31],[0,0],[3.31,0],[0,3.31],[0,0]],"v":[[285.07,30],[279.07,30],[273.07,24],[279.07,18],[285.07,18],[291.07,24],[285.07,30]],"c":true}}},{"ty":"fl","o":{"k":100},"c":{"k":[0.13,0.46,0.73,1]}},{"ty":"tr","o":{"k":100},"r":{"k":0},"p":{"k":[0,0]},"a":{"k":[0,0]},"s":{"k":[100,100]},"sk":{"k":0},"sa":{"k":0},"hd":false}]},{"ty":"gr","hd":false,"it":[{"ty":"sh","ks":{"k":{"i":[[0,0],[0,0],[0,3.31],[-3.31,0],[0,0],[0,-3.31],[3.31,0]],"o":[[0,0],[-3.31,0],[0,-3.31],[0,0],[3.31,0],[0,3.31],[0,0]],"v":[[315.07,30],[309.07,30],[303.07,24],[309.07,18],[315.07,18],[321.07,24],[315.07,30]],"c":true}}},{"ty":"fl","o":{"k":100},"c":{"k":[0.13,0.46,0.73,1]}},{"ty":"tr","o":{"k":100},"r":{"k":0},"p":{"k":[0,0]},"a":{"k":[0,0]},"s":{"k":[100,100]},"sk":{"k":0},"sa":{"k":0},"hd":false}]},{"ty":"gr","hd":false,"it":[{"ty":"sh","ks":{"k":{"i":[[0,0],[0,3.31],[0,0],[-3.31,0],[0,-3.31],[0,0],[3.31,0]],"o":[[-3.31,0],[0,0],[0,-3.31],[3.31,0],[0,0],[0,3.31],[0,0]],"v":[[297.07,18],[291.07,12],[291.07,6],[297.07,0],[303.07,6],[303.07,12],[297.07,18]],"c":true}}},{"ty":"fl","o":{"k":100},"c":{"k":[0.13,0.46,0.73,1]}},{"ty":"tr","o":{"k":100},"r":{"k":0},"p":{"k":[0,0]},"a":{"k":[0,0]},"s":{"k":[100,100]},"sk":{"k":0},"sa":{"k":0},"hd":false}]},{"ty":"gr","hd":false,"it":[{"ty":"sh","ks":{"k":{"i":[[0,0],[0,3.31],[0,0],[-3.31,0],[0,-3.31],[0,0],[3.31,0]],"o":[[-3.31,0],[0,0],[0,-3.31],[3.31,0],[0,0],[0,3.31],[0,0]],"v":[[297.07,48],[291.07,42],[291.07,36],[297.07,30],[303.07,36],[303.07,42],[297.07,48]],"c":true}}},{"ty":"fl","o":{"k":100},"c":{"k":[0.13,0.46,0.73,1]}},{"ty":"tr","o":{"k":100},"r":{"k":0},"p":{"k":[0,0]},"a":{"k":[0,0]},"s":{"k":[100,100]},"sk":{"k":0},"sa":{"k":0},"hd":false}]},{"ty":"gr","hd":false,"it":[{"ty":"sh","ks":{"k":{"i":[[0,0],[0,6.63],[-6.63,0],[0,-6.63],[6.63,0]],"o":[[-6.63,0],[0,-6.63],[6.63,0],[0,6.63],[0,0]],"v":[[129.07,24],[117.07,12],[129.07,0],[141.07,12],[129.07,24]],"c":true}}},{"ty":"fl","o":{"k":100},"c":{"k":[0.5,0.8,0.8,1]}},{"ty":"tr","o":{"k":100},"r":{"k":0},"p":{"k":[0,0]},"a":{"k":[0,0]},"s":{"k":[100,100]},"sk":{"k":0},"sa":{"k":0},"hd":false}]},{"ty":"gr","hd":false,"it":[{"ty":"sh","ks":{"k":{"i":[[0,0],[6.62,0],[0,6.63],[-6.63,0],[0,-6.63]],"o":[[0,6.63],[-6.63,0],[0,-6.63],[6.62,0],[0,0]],"v":[[195.07,66],[183.07,78],[171.07,66],[183.07,54],[195.07,66]],"c":false}}},{"ty":"fl","o":{"k":100},"c":{"k":[0.87,0.58,0.76,1]}},{"ty":"tr","o":{"k":100},"r":{"k":0},"p":{"k":[0,0]},"a":{"k":[0,0]},"s":{"k":[100,100]},"sk":{"k":0},"sa":{"k":0},"hd":false}]},{"ty":"gr","hd":false,"it":[{"ty":"sh","ks":{"k":{"i":[[0,0],[6.62,0],[0,6.63],[-6.63,0],[0,-6.63]],"o":[[0,6.63],[-6.63,0],[0,-6.63],[6.62,0],[0,0]],"v":[[339.07,234],[327.07,246],[315.07,234],[327.07,222],[339.07,234]],"c":false}}},{"ty":"fl","o":{"k":100},"c":{"k":[0.84,0.33,0.49,1]}},{"ty":"tr","o":{"k":100},"r":{"k":0},"p":{"k":[0,0]},"a":{"k":[0,0]},"s":{"k":[100,100]},"sk":{"k":0},"sa":{"k":0},"hd":false}]},{"ty":"gr","hd":false,"it":[{"ty":"sh","ks":{"k":{"i":[[0,0],[0.73,0.3],[-1.28,3.06],[0,0],[7.59,33.93],[-3.22,0.78],[-0.78,-3.22],[-0.02,-0.07],[14.38,-34.36],[0,0],[2.42,0]],"o":[[-0.79,0],[-3.06,-1.28],[0,0],[13.42,-32.07],[-0.78,-3.22],[3.22,-0.78],[0.02,0.07],[8.14,36.35],[0,0],[-0.93,2.23],[0,0]],"v":[[118.91,174],[116.6,173.54],[113.38,165.69],[122.1,144.76],[131.05,43.3],[135.48,36.06],[142.72,40.48],[142.77,40.7],[133.16,149.38],[124.43,170.31],[118.91,174]],"c":true}}},{"ty":"fl","o":{"k":100},"c":{"k":[1,0.75,0.25,1]}},{"ty":"tr","o":{"k":100},"r":{"k":0},"p":{"k":[0,0]},"a":{"k":[0,0]},"s":{"k":[100,100]},"sk":{"k":0},"sa":{"k":0},"hd":false}]},{"ty":"gr","hd":false,"it":[{"ty":"sh","ks":{"k":{"i":[[0,0],[-0.02,3.31],[-2.06,1],[0,0],[-1.42,-3],[3,-1.42],[0,0],[0.89,0.01]],"o":[[-3.31,-0.02],[0.01,-2.29],[0,0],[2.99,-1.43],[1.43,2.99],[0,0],[-0.8,0.38],[0,0]],"v":[[189.07,186],[183.11,179.96],[186.49,174.6],[312.49,114.6],[320.48,117.44],[317.64,125.44],[191.64,185.44],[189.07,186]],"c":true}}},{"ty":"fl","o":{"k":100},"c":{"k":[1,0.75,0.25,1]}},{"ty":"tr","o":{"k":100},"r":{"k":0},"p":{"k":[0,0]},"a":{"k":[0,0]},"s":{"k":[100,100]},"sk":{"k":0},"sa":{"k":0},"hd":false}]},{"ty":"gr","hd":false,"it":[{"ty":"sh","ks":{"k":{"i":[[0,0],[0.68,0.25],[32.09,-5.33],[0,0],[0.47,3.28],[-3.14,0.6],[0,0],[-32.43,-12.14],[1.12,-3.12],[2.56,0.03]],"o":[[-0.72,0],[-30.46,-11.41],[0,0],[-3.28,0.47],[-0.45,-3.17],[0,0],[34.16,-5.68],[3.12,1.12],[-0.86,2.41],[0,0]],"v":[[297.07,222],[294.96,221.62],[199.49,212.34],[178.06,215.91],[171.27,210.82],[176.08,204.08],[197.52,200.48],[299.17,210.35],[302.79,218.03],[297.07,222]],"c":true}}},{"ty":"fl","o":{"k":100},"c":{"k":[1,0.75,0.25,1]}},{"ty":"tr","o":{"k":100},"r":{"k":0},"p":{"k":[0,0]},"a":{"k":[0,0]},"s":{"k":[100,100]},"sk":{"k":0},"sa":{"k":0},"hd":false}]},{"ty":"gr","hd":false,"it":[{"ty":"sh","ks":{"k":{"i":[[0,0],[7.71,3.34],[0,0],[0,0],[0,0],[0,0],[0,0],[0,0],[0,0]],"o":[[-8.4,0.15],[0,0],[0,0],[0,0],[0,0],[0,0],[0,0],[0,0],[0,0]],"v":[[224.47,269.4],[200.04,264.55],[142.55,286.3],[54.38,319.62],[7.09,337.52],[3.07,354],[72.38,327.77],[160.53,294.42],[225.07,270]],"c":true}}},{"ty":"fl","o":{"k":100},"c":{"k":[0.7,0.11,0.28,1]}},{"ty":"tr","o":{"k":100},"r":{"k":0},"p":{"k":[0,0]},"a":{"k":[0,0]},"s":{"k":[100,100]},"sk":{"k":0},"sa":{"k":0},"hd":false}]},{"ty":"gr","hd":false,"it":[{"ty":"sh","ks":{"k":{"i":[[0,0],[-46.5,-46.5],[16.4,-16.4],[46.5,46.5],[-16.4,16.4]],"o":[[16.4,-16.4],[46.5,46.5],[-16.4,16.4],[-46.5,-46.5],[0,0]],"v":[[68.66,95.09],[182.57,149.59],[237.07,263.49],[123.17,208.99],[68.66,95.09]],"c":false}}},{"ty":"fl","o":{"k":100},"c":{"k":[0.82,0.89,0.93,1]}},{"ty":"tr","o":{"k":100},"r":{"k":0},"p":{"k":[0,0]},"a":{"k":[0,0]},"s":{"k":[100,100]},"sk":{"k":0},"sa":{"k":0},"hd":false}]},{"ty":"gr","hd":false,"it":[{"ty":"sh","ks":{"k":{"i":[[0,0],[16.4,-16.4],[0.74,-2.5],[0,0],[0,0],[0,0],[0,0],[0,0],[0,0],[0,0],[0,0],[0,0],[-1.79,1.7],[46.5,46.51]],"o":[[-46.51,-46.5],[-1.8,1.89],[0,0],[0,0],[0,0],[0,0],[0,0],[0,0],[0,0],[0,0],[0,0],[2.36,-0.75],[16.41,-16.4],[0,0]],"v":[[182.57,149.61],[68.66,95.11],[64.8,101.78],[64.54,101.51],[48.87,165.71],[33.27,229.72],[14.78,305.52],[3.07,353.52],[72.38,327.29],[160.53,293.93],[230.85,267.32],[230.77,267.24],[237.07,263.51],[182.57,149.61]],"c":true}}},{"ty":"fl","o":{"k":100},"c":{"k":[0.87,0.11,0.29,1]}},{"ty":"tr","o":{"k":100},"r":{"k":0},"p":{"k":[0,0]},"a":{"k":[0,0]},"s":{"k":[100,100]},"sk":{"k":0},"sa":{"k":0},"hd":false}]},{"ty":"tr","o":{"k":100},"r":{"k":0},"p":{"k":[0,0]},"a":{"k":[0,0]},"s":{"k":[100,100]},"sk":{"k":0},"sa":{"k":0},"hd":false}]}]}],"meta":{"g":"LF SVG to Lottie"},"assets":[]}